{
  "project_info": {
    "project_number": "928382167793",
    "project_id": "yassir-d70a0",
    "storage_bucket": "yassir-d70a0.appspot.com"
  },
  "client": [
    {
      "client_info": {
        "mobilesdk_app_id": "1:928382167793:android:0271c267070ade3c459750",
        "android_client_info": {
          "package_name": "com.example.yassir"
        }
      },
      "oauth_client": [
        {
          "client_id": "928382167793-u7deoiftsmgr7l0ls25inckn894c74c8.apps.googleusercontent.com",
          "client_type": 3
        }
      ],
      "api_key": [
        {
          "current_key": "AIzaSyCP9Lpl0DMSfpmvWBD-oz6J1FXIOvIj078"
        }
      ],
      "services": {
        "appinvite_service": {
          "other_platform_oauth_client": [
            {
              "client_id": "928382167793-u7deoiftsmgr7l0ls25inckn894c74c8.apps.googleusercontent.com",
              "client_type": 3
            }
          ]
        }
      }
    }
  ],
  "configuration_version": "1"
}